# (c) Die Bundeswahlleiterin, Wiesbaden 2025;;;;;;;;;;;;;;;;;;;;;;;;;;;;;;;;;;;;;;;;;;;;;;;;;;;;;;;;;;;;;;;;;;;;;;
# ;;;;;;;;;;;;;;;;;;;;;;;;;;;;;;;;;;;;;;;;;;;;;;;;;;;;;;;;;;;;;;;;;;;;;;
# Wahl zum 21. Deutschen Bundestag (23. Februar 2025);;;;;;;;;;;;;;;;;;;;;;;;;;;;;;;;;;;;;;;;;;;;;;;;;;;;;;;;;;;;;;;;;;;;;;
# Endgültige Ergebnisse der Erst- und Zweitstimmen nach Bezirksart und Ländern;;;;;;;;;;;;;;;;;;;;;;;;;;;;;;;;;;;;;;;;;;;;;;;;;;;;;;;;;;;;;;;;;;;;;;
# ;;;;;;;;;;;;;;;;;;;;;;;;;;;;;;;;;;;;;;;;;;;;;;;;;;;;;;;;;;;;;;;;;;;;;;
Nr;Land;Stimmenart;Bezirksart;Wahlberechtigte;Wählende;ungültig;gültig;SPD;CDU;GRÜNE;FDP;AfD;CSU;Die Linke;FREIE WÄHLER;Tierschutzpartei;dieBasis;Die PARTEI;Team Todenhöfer;PIRATEN;Volt;ÖDP;SSW;Verjüngungsforschung;PdH;Bündnis C;BP;MLPD;MENSCHLICHE WELT;PdF;SGP;BüSo;BÜNDNIS DEUTSCHLAND;BSW;MERA25;WerteUnion;Übrige;;;;;;;;;;;;;;;;;;;;;;;;;;;;;;;;;
99;Bundesgebiet;E;Zusammen;60510631;49928653;423264;49505389;9936433;12604184;5443393;1622912;10177318;3272064;3933297;1254565;82498;41923;122268;9783;2151;391666;54606;58779;0;1871;2021;5763;24218;0;1282;73;1295;87955;299401;658;2849;70163;;;;;;;;;;;;;;;;;;;;;;;;;;;;;;;;;
99;Bundesgebiet;E;Urne;60510631;31430857;300676;31130181;6117867;7691502;3013080;1005802;7841881;1412491;2678016;651194;43381;24913;72607;6371;1504;203768;23848;39404;0;1014;1321;2133;16170;0;650;54;742;56912;182658;406;1634;38858;;;;;;;;;;;;;;;;;;;;;;;;;;;;;;;;;
99;Bundesgebiet;E;Brief;0;18497796;122588;18375208;3818566;4912682;2430313;617110;2335437;1859573;1255281;603371;39117;17010;49661;3412;647;187898;30758;19375;0;857;700;3630;8048;0;632;19;553;31043;116743;252;1215;31305;;;;;;;;;;;;;;;;;;;;;;;;;;;;;;;;;
99;Bundesgebiet;Z;Zusammen;60510631;49928653;279141;49649512;8149124;11196374;5762380;2148757;10328780;2964028;4356532;769279;482201;85373;242741;24553;13800;355262;49764;76138;303;14294;11768;12278;19551;694;21388;425;676;76372;2472947;6994;6736;0;;;;;;;;;;;;;;;;;;;;;;;;;;;;;;;;;
99;Bundesgebiet;Z;Urne;60510631;31430857;218085;31212772;4936354;6753331;3210734;1350738;7903397;1263958;2930850;360893;278368;52285;145820;14991;9553;187145;23060;51885;195;8068;7398;4703;13270;516;11680;274;428;50668;1633395;4522;4293;0;;;;;;;;;;;;;;;;;;;;;;;;;;;;;;;;;
99;Bundesgebiet;Z;Brief;0;18497796;61056;18436740;3212770;4443043;2551646;798019;2425383;1700070;1425682;408386;203833;33088;96921;9562;4247;168117;26704;24253;108;6226;4370;7575;6281;178;9708;151;248;25704;839552;2472;2443;0;;;;;;;;;;;;;;;;;;;;;;;;;;;;;;;;;
1;Schleswig-Holstein;E;Zusammen;2262811;1889968;13739;1876229;424485;573541;279298;67541;302259;0;115098;25139;0;0;2021;0;0;23282;0;58779;0;0;0;0;286;0;0;0;0;3227;0;0;0;1273;;;;;;;;;;;;;;;;;;;;;;;;;;;;;;;;;
1;Schleswig-Holstein;E;Urne;2262811;1345706;10583;1335123;296852;398207;179733;48275;249806;0;87101;16688;0;0;1182;0;0;14442;0;39404;0;0;0;0;175;0;0;0;0;2412;0;0;0;846;;;;;;;;;;;;;;;;;;;;;;;;;;;;;;;;;
1;Schleswig-Holstein;E;Brief;0;544262;3156;541106;127633;175334;99565;19266;52453;0;27997;8451;0;0;839;0;0;8840;0;19375;0;0;0;0;111;0;0;0;0;815;0;0;0;427;;;;;;;;;;;;;;;;;;;;;;;;;;;;;;;;;
1;Schleswig-Holstein;Z;Zusammen;2262811;1889968;9963;1880005;352546;518424;279923;88147;306165;0;146428;13675;0;0;13729;0;0;16496;0;76138;0;0;0;0;576;0;0;0;0;2981;64777;0;0;0;;;;;;;;;;;;;;;;;;;;;;;;;;;;;;;;;
1;Schleswig-Holstein;Z;Urne;2262811;1345706;8219;1337487;245706;355584;179836;63957;252335;0;109229;9082;0;0;9449;0;0;10409;0;51885;0;0;0;0;389;0;0;0;0;2199;47427;0;0;0;;;;;;;;;;;;;;;;;;;;;;;;;;;;;;;;;
1;Schleswig-Holstein;Z;Brief;0;544262;1744;542518;106840;162840;100087;24190;53830;0;37199;4593;0;0;4280;0;0;6087;0;24253;0;0;0;0;187;0;0;0;0;782;17350;0;0;0;;;;;;;;;;;;;;;;;;;;;;;;;;;;;;;;;
13;Mecklenburg-Vorpommern;E;Zusammen;1294729;1029038;11315;1017723;179547;205786;36898;29339;376846;0;144778;27571;6199;0;0;0;0;0;0;0;0;0;0;0;1284;0;0;0;0;6839;0;0;0;2636;;;;;;;;;;;;;;;;;;;;;;;;;;;;;;;;;
13;Mecklenburg-Vorpommern;E;Urne;1294729;731650;8687;722963;114964;134475;21126;20303;305306;0;98309;17413;3878;0;0;0;0;0;0;0;0;0;0;0;866;0;0;0;0;4863;0;0;0;1460;;;;;;;;;;;;;;;;;;;;;;;;;;;;;;;;;
13;Mecklenburg-Vorpommern;E;Brief;0;297388;2628;294760;64583;71311;15772;9036;71540;0;46469;10158;2321;0;0;0;0;0;0;0;0;0;0;0;418;0;0;0;0;1976;0;0;0;1176;;;;;;;;;;;;;;;;;;;;;;;;;;;;;;;;;
13;Mecklenburg-Vorpommern;Z;Zusammen;1294729;1029038;7796;1021242;126687;181956;54719;32678;357361;0;123059;10814;15656;0;0;0;0;6350;0;0;0;0;0;0;842;0;0;0;0;3248;107872;0;0;0;;;;;;;;;;;;;;;;;;;;;;;;;;;;;;;;;
13;Mecklenburg-Vorpommern;Z;Urne;1294729;731650;6592;725058;80712;118176;32275;23159;291168;0;83948;6828;10422;0;0;0;0;3721;0;0;0;0;0;0;571;0;0;0;0;2311;71767;0;0;0;;;;;;;;;;;;;;;;;;;;;;;;;;;;;;;;;
13;Mecklenburg-Vorpommern;Z;Brief;0;297388;1204;296184;45975;63780;22444;9519;66193;0;39111;3986;5234;0;0;0;0;2629;0;0;0;0;0;0;271;0;0;0;0;937;36105;0;0;0;;;;;;;;;;;;;;;;;;;;;;;;;;;;;;;;;
2;Hamburg;E;Zusammen;1299289;1050805;8507;1042298;292325;232067;214621;35299;114714;0;129995;9714;0;0;0;0;0;11921;0;0;0;0;0;0;1642;0;0;0;0;0;0;0;0;0;;;;;;;;;;;;;;;;;;;;;;;;;;;;;;;;;
2;Hamburg;E;Urne;1299289;622971;5822;617149;172020;125164;115110;20532;86829;0;84733;5552;0;0;0;0;0;6128;0;0;0;0;0;0;1081;0;0;0;0;0;0;0;0;0;;;;;;;;;;;;;;;;;;;;;;;;;;;;;;;;;
2;Hamburg;E;Brief;0;427834;2685;425149;120305;106903;99511;14767;27885;0;45262;4162;0;0;0;0;0;5793;0;0;0;0;0;0;561;0;0;0;0;0;0;0;0;0;;;;;;;;;;;;;;;;;;;;;;;;;;;;;;;;;
2;Hamburg;Z;Zusammen;1299289;1050805;5185;1045620;237740;216935;201713;47115;113608;0;151115;3866;9735;0;4518;0;0;15549;0;0;0;0;0;0;528;0;0;0;0;1279;41919;0;0;0;;;;;;;;;;;;;;;;;;;;;;;;;;;;;;;;;
2;Hamburg;Z;Urne;1299289;622971;3974;618997;137702;115771;108444;27687;85508;0;96659;1979;5261;0;2587;0;0;7384;0;0;0;0;0;0;346;0;0;0;0;868;28801;0;0;0;;;;;;;;;;;;;;;;;;;;;;;;;;;;;;;;;
2;Hamburg;Z;Brief;0;427834;1211;426623;100038;101164;93269;19428;28100;0;54456;1887;4474;0;1931;0;0;8165;0;0;0;0;0;0;182;0;0;0;0;411;13118;0;0;0;;;;;;;;;;;;;;;;;;;;;;;;;;;;;;;;;
3;Niedersachsen;E;Zusammen;6043412;5041312;36097;5005215;1469704;1558417;487326;148320;881225;0;321569;68432;7649;4126;4541;0;2151;40077;0;0;0;0;0;0;1334;0;0;0;0;4332;0;0;0;6012;;;;;;;;;;;;;;;;;;;;;;;;;;;;;;;;;
3;Niedersachsen;E;Urne;6043412;3737565;28477;3709088;1063616;1120273;324765;109639;747056;0;249905;47218;5435;2945;3248;0;1504;25628;0;0;0;0;0;0;976;0;0;0;0;3302;0;0;0;3578;;;;;;;;;;;;;;;;;;;;;;;;;;;;;;;;;
3;Niedersachsen;E;Brief;0;1303747;7620;1296127;406088;438144;162561;38681;134169;0;71664;21214;2214;1181;1293;0;647;14449;0;0;0;0;0;0;358;0;0;0;0;1030;0;0;0;2434;;;;;;;;;;;;;;;;;;;;;;;;;;;;;;;;;
3;Niedersachsen;Z;Zusammen;6043412;5041312;25976;5015336;1153523;1410418;576845;205163;894540;0;405519;37628;58107;12466;22360;0;8029;30488;0;0;0;3342;0;0;1242;0;0;0;0;6290;189376;0;0;0;;;;;;;;;;;;;;;;;;;;;;;;;;;;;;;;;
3;Niedersachsen;Z;Urne;6043412;3737565;22112;3715453;825113;1008442;390555;153233;756144;0;311657;25884;40460;9204;16064;0;5936;19703;0;0;0;2336;0;0;922;0;0;0;0;4818;144982;0;0;0;;;;;;;;;;;;;;;;;;;;;;;;;;;;;;;;;
3;Niedersachsen;Z;Brief;0;1303747;3864;1299883;328410;401976;186290;51930;138396;0;93862;11744;17647;3262;6296;0;2093;10785;0;0;0;1006;0;0;320;0;0;0;0;1472;44394;0;0;0;;;;;;;;;;;;;;;;;;;;;;;;;;;;;;;;;
4;Bremen;E;Zusammen;450564;350366;3286;347080;95267;78673;53287;9664;52638;0;44408;1758;0;0;2227;0;0;5736;0;0;0;0;0;0;736;0;0;0;0;1967;0;0;0;719;;;;;;;;;;;;;;;;;;;;;;;;;;;;;;;;;
4;Bremen;E;Urne;450564;234530;2367;232163;62441;48882;32055;6413;42951;0;31371;1165;0;0;1394;0;0;3304;0;0;0;0;0;0;506;0;0;0;0;1315;0;0;0;366;;;;;;;;;;;;;;;;;;;;;;;;;;;;;;;;;
4;Bremen;E;Brief;0;115836;919;114917;32826;29791;21232;3251;9687;0;13037;593;0;0;833;0;0;2432;0;0;0;0;0;0;230;0;0;0;0;652;0;0;0;353;;;;;;;;;;;;;;;;;;;;;;;;;;;;;;;;;
4;Bremen;Z;Zusammen;450564;350366;2110;348256;80604;71573;54280;12295;52496;0;51461;1618;0;0;2582;0;0;3836;0;0;303;0;0;0;207;694;0;0;0;933;15114;260;0;0;;;;;;;;;;;;;;;;;;;;;;;;;;;;;;;;;
4;Bremen;Z;Urne;450564;234530;1758;232772;51764;44313;32589;8129;42761;0;36263;1015;0;0;1640;0;0;2222;0;0;195;0;0;0;149;516;0;0;0;579;10485;152;0;0;;;;;;;;;;;;;;;;;;;;;;;;;;;;;;;;;
4;Bremen;Z;Brief;0;115836;352;115484;28840;27260;21691;4166;9735;0;15198;603;0;0;942;0;0;1614;0;0;108;0;0;0;58;178;0;0;0;354;4629;108;0;0;;;;;;;;;;;;;;;;;;;;;;;;;;;;;;;;;
12;Brandenburg;E;Zusammen;2033539;1658681;16488;1642193;337040;332331;86006;44451;565718;0;189182;53057;0;0;15439;0;0;10687;0;0;0;0;0;0;0;0;0;0;0;3564;0;0;0;4718;;;;;;;;;;;;;;;;;;;;;;;;;;;;;;;;;
12;Brandenburg;E;Urne;2033539;1174524;12261;1162263;215883;214571;51959;30989;465128;0;130235;32742;0;0;9811;0;0;6201;0;0;0;0;0;0;0;0;0;0;0;2311;0;0;0;2433;;;;;;;;;;;;;;;;;;;;;;;;;;;;;;;;;
12;Brandenburg;E;Brief;0;484157;4227;479930;121157;117760;34047;13462;100590;0;58947;20315;0;0;5628;0;0;4486;0;0;0;0;0;0;0;0;0;0;0;1253;0;0;0;2285;;;;;;;;;;;;;;;;;;;;;;;;;;;;;;;;;
12;Brandenburg;Z;Zusammen;2033539;1658681;11343;1647338;244010;298048;108598;53467;535275;0;176224;23969;0;0;14706;0;0;11370;0;0;0;0;0;0;1119;0;0;0;0;4147;176405;0;0;0;;;;;;;;;;;;;;;;;;;;;;;;;;;;;;;;;
12;Brandenburg;Z;Urne;2033539;1174524;9123;1165401;155075;190918;66013;38161;442469;0;123256;14575;0;0;9391;0;0;6573;0;0;0;0;0;0;701;0;0;0;0;2868;115401;0;0;0;;;;;;;;;;;;;;;;;;;;;;;;;;;;;;;;;
12;Brandenburg;Z;Brief;0;484157;2220;481937;88935;107130;42585;15306;92806;0;52968;9394;0;0;5315;0;0;4797;0;0;0;0;0;0;418;0;0;0;0;1279;61004;0;0;0;;;;;;;;;;;;;;;;;;;;;;;;;;;;;;;;;
15;Sachsen-Anhalt;E;Zusammen;1734719;1347837;17293;1330544;183951;313319;48599;37603;515634;0;165818;42363;0;0;5138;0;0;0;0;0;0;0;0;0;1339;0;0;0;0;8481;0;0;0;8299;;;;;;;;;;;;;;;;;;;;;;;;;;;;;;;;;
15;Sachsen-Anhalt;E;Urne;1734719;986286;12767;973519;118202;209109;28785;26760;429859;0;117472;28592;0;0;3335;0;0;0;0;0;0;0;0;0;827;0;0;0;0;5655;0;0;0;4923;;;;;;;;;;;;;;;;;;;;;;;;;;;;;;;;;
15;Sachsen-Anhalt;E;Brief;0;361551;4526;357025;65749;104210;19814;10843;85775;0;48346;13771;0;0;1803;0;0;0;0;0;0;0;0;0;512;0;0;0;0;2826;0;0;0;3376;;;;;;;;;;;;;;;;;;;;;;;;;;;;;;;;;
15;Sachsen-Anhalt;Z;Zusammen;1734719;1347837;10488;1337349;146535;256538;59077;41251;496110;0;143807;18449;0;0;11038;0;0;8484;0;0;0;0;0;0;1132;0;0;0;0;4517;150411;0;0;0;;;;;;;;;;;;;;;;;;;;;;;;;;;;;;;;;
15;Sachsen-Anhalt;Z;Urne;1734719;986286;8736;977550;94652;169977;35224;29968;415830;0;103018;11937;0;0;7454;0;0;5088;0;0;0;0;0;0;757;0;0;0;0;3168;100477;0;0;0;;;;;;;;;;;;;;;;;;;;;;;;;;;;;;;;;
15;Sachsen-Anhalt;Z;Brief;0;361551;1752;359799;51883;86561;23853;11283;80280;0;40789;6512;0;0;3584;0;0;3396;0;0;0;0;0;0;375;0;0;0;0;1349;49934;0;0;0;;;;;;;;;;;;;;;;;;;;;;;;;;;;;;;;;
11;Berlin;E;Zusammen;2442042;1961177;18539;1942638;326663;413893;338231;52575;294546;0;423549;9141;15740;0;8425;4694;0;0;0;0;0;0;0;0;1244;0;0;73;1295;7464;41787;658;0;2660;;;;;;;;;;;;;;;;;;;;;;;;;;;;;;;;;
11;Berlin;E;Urne;2442042;1182810;12978;1169832;188037;227176;180260;31057;222169;0;265932;4906;8510;0;4912;2984;0;0;0;0;0;0;0;0;836;0;0;54;742;4660;25712;406;0;1479;;;;;;;;;;;;;;;;;;;;;;;;;;;;;;;;;
11;Berlin;E;Brief;0;778367;5561;772806;138626;186717;157971;21518;72377;0;157617;4235;7230;0;3513;1710;0;0;0;0;0;0;0;0;408;0;0;19;553;2804;16075;252;0;1181;;;;;;;;;;;;;;;;;;;;;;;;;;;;;;;;;
11;Berlin;Z;Zusammen;2442042;1961177;11644;1949533;295182;356099;328035;74076;296990;0;387222;6402;29384;0;12881;4532;0;18231;0;0;0;0;0;0;925;0;3423;425;676;2960;129651;2439;0;0;;;;;;;;;;;;;;;;;;;;;;;;;;;;;;;;;
11;Berlin;Z;Urne;2442042;1182810;8921;1173889;169277;193385;175198;44524;223233;0;240582;3372;16599;0;7334;2669;0;8920;0;0;0;0;0;0;624;0;1791;274;428;1889;82289;1501;0;0;;;;;;;;;;;;;;;;;;;;;;;;;;;;;;;;;
11;Berlin;Z;Brief;0;778367;2723;775644;125905;162714;152837;29552;73757;0;146640;3030;12785;0;5547;1863;0;9311;0;0;0;0;0;0;301;0;1632;151;248;1071;47362;938;0;0;;;;;;;;;;;;;;;;;;;;;;;;;;;;;;;;;
5;Nordrhein-Westfalen;E;Zusammen;12884209;10587740;97311;10490429;2633792;3566853;1230253;349157;1720896;0;714177;113892;0;0;33497;5089;0;79713;0;0;0;0;0;0;7435;0;1282;0;0;16093;6515;0;2849;8936;;;;;;;;;;;;;;;;;;;;;;;;;;;;;;;;;
5;Nordrhein-Westfalen;E;Urne;12884209;6761802;72899;6688903;1639223;2105346;701914;221881;1347296;0;514462;66050;0;0;19720;3387;0;42571;0;0;0;0;0;0;4998;0;650;0;0;10797;4231;0;1634;4743;;;;;;;;;;;;;;;;;;;;;;;;;;;;;;;;;
5;Nordrhein-Westfalen;E;Brief;0;3825938;24412;3801526;994569;1461507;528339;127276;373600;0;199715;47842;0;0;13777;1702;0;37142;0;0;0;0;0;0;2437;0;632;0;0;5296;2284;0;1215;4193;;;;;;;;;;;;;;;;;;;;;;;;;;;;;;;;;
5;Nordrhein-Westfalen;Z;Zusammen;12884209;10587740;61606;10526134;2108434;3170627;1300901;462446;1770379;0;877123;52891;133480;22219;59077;20021;0;68915;0;0;0;0;0;0;4045;0;17965;0;0;13669;432911;4295;6736;0;;;;;;;;;;;;;;;;;;;;;;;;;;;;;;;;;
5;Nordrhein-Westfalen;Z;Urne;12884209;6761802;49135;6712667;1284820;1844583;748358;296319;1380245;0;617452;29216;79541;14917;35229;12322;0;37610;0;0;0;0;0;0;2914;0;9889;0;0;9284;302806;2869;4293;0;;;;;;;;;;;;;;;;;;;;;;;;;;;;;;;;;
5;Nordrhein-Westfalen;Z;Brief;0;3825938;12471;3813467;823614;1326044;552543;166127;390134;0;259671;23675;53939;7302;23848;7699;0;31305;0;0;0;0;0;0;1131;0;8076;0;0;4385;130105;1426;2443;0;;;;;;;;;;;;;;;;;;;;;;;;;;;;;;;;;
14;Sachsen;E;Zusammen;3186780;2584777;22002;2562775;247349;612826;129025;69629;986060;0;326830;71775;0;0;12288;0;0;10766;0;0;0;1258;0;0;772;0;0;0;0;11666;79556;0;0;2975;;;;;;;;;;;;;;;;;;;;;;;;;;;;;;;;;
14;Sachsen;E;Urne;3186780;1769799;15869;1753930;144842;376039;65355;44743;799164;0;206771;45575;0;0;7282;0;0;5242;0;0;0;747;0;0;491;0;0;0;0;7333;48571;0;0;1775;;;;;;;;;;;;;;;;;;;;;;;;;;;;;;;;;
14;Sachsen;E;Brief;0;814978;6133;808845;102507;236787;63670;24886;186896;0;120059;26200;0;0;5006;0;0;5524;0;0;0;511;0;0;281;0;0;0;0;4333;30985;0;0;1200;;;;;;;;;;;;;;;;;;;;;;;;;;;;;;;;;
14;Sachsen;Z;Zusammen;3186780;2584777;15205;2569572;217144;507247;167269;83436;958401;0;290462;40139;29743;0;13692;0;4018;14741;0;0;0;2472;0;0;1116;0;0;0;0;7435;232257;0;0;0;;;;;;;;;;;;;;;;;;;;;;;;;;;;;;;;;
14;Sachsen;Z;Urne;3186780;1769799;12299;1757500;128181;309230;86276;55604;777199;0;184196;24142;19167;0;8397;0;2498;7566;0;0;0;1444;0;0;722;0;0;0;0;4779;148099;0;0;0;;;;;;;;;;;;;;;;;;;;;;;;;;;;;;;;;
14;Sachsen;Z;Brief;0;814978;2906;812072;88963;198017;80993;27832;181202;0;106266;15997;10576;0;5295;0;1520;7175;0;0;0;1028;0;0;394;0;0;0;0;2656;84158;0;0;0;;;;;;;;;;;;;;;;;;;;;;;;;;;;;;;;;
6;Hessen;E;Zusammen;4341919;3608634;35802;3572832;843094;1154330;411127;128781;633669;0;256907;80795;2772;0;7004;0;0;47890;0;0;0;0;0;0;1448;0;0;0;0;3040;0;0;0;1975;;;;;;;;;;;;;;;;;;;;;;;;;;;;;;;;;
6;Hessen;E;Urne;4341919;2303289;24702;2278587;524686;684906;237856;81041;484574;0;184185;46221;1551;0;4099;0;0;25389;0;0;0;0;0;0;944;0;0;0;0;1951;0;0;0;1184;;;;;;;;;;;;;;;;;;;;;;;;;;;;;;;;;
6;Hessen;E;Brief;0;1305345;11100;1294245;318408;469424;173271;47740;149095;0;72722;34574;1221;0;2905;0;0;22501;0;0;0;0;0;0;504;0;0;0;0;1089;0;0;0;791;;;;;;;;;;;;;;;;;;;;;;;;;;;;;;;;;
6;Hessen;Z;Zusammen;4341919;3608634;27800;3580834;657510;1033842;451510;180823;636778;0;311058;46567;44516;0;18111;0;0;31542;0;0;0;3014;0;0;1170;0;0;0;0;5740;158653;0;0;0;;;;;;;;;;;;;;;;;;;;;;;;;;;;;;;;;
6;Hessen;Z;Urne;4341919;2303289;20775;2282514;403053;604655;260867;116026;484207;0;218000;25902;25866;0;11041;0;0;16836;0;0;0;1809;0;0;773;0;0;0;0;3856;109623;0;0;0;;;;;;;;;;;;;;;;;;;;;;;;;;;;;;;;;
6;Hessen;Z;Brief;0;1305345;7025;1298320;254457;429187;190643;64797;152571;0;93058;20665;18650;0;7070;0;0;14706;0;0;0;1205;0;0;397;0;0;0;0;1884;49030;0;0;0;;;;;;;;;;;;;;;;;;;;;;;;;;;;;;;;;
16;Thüringen;E;Zusammen;1652462;1333474;10248;1323226;131842;272827;36822;28121;512070;0;209947;25831;0;0;0;0;0;0;0;0;0;0;0;0;1678;0;0;0;0;0;96975;0;0;7113;;;;;;;;;;;;;;;;;;;;;;;;;;;;;;;;;
16;Thüringen;E;Urne;1652462;991783;8307;983476;85741;187294;21681;20542;434068;0;143916;18413;0;0;0;0;0;0;0;0;0;0;0;0;1169;0;0;0;0;0;65121;0;0;5531;;;;;;;;;;;;;;;;;;;;;;;;;;;;;;;;;
16;Thüringen;E;Brief;0;341691;1941;339750;46101;85533;15141;7579;78002;0;66031;7418;0;0;0;0;0;0;0;0;0;0;0;0;509;0;0;0;0;0;31854;0;0;1582;;;;;;;;;;;;;;;;;;;;;;;;;;;;;;;;;
16;Thüringen;Z;Zusammen;1652462;1333474;9314;1324160;115915;246065;56097;37292;510527;0;200688;20621;0;0;0;0;0;6998;0;0;0;0;0;0;1743;0;0;0;0;3454;124760;0;0;0;;;;;;;;;;;;;;;;;;;;;;;;;;;;;;;;;
16;Thüringen;Z;Urne;1652462;991783;7807;983976;76330;167113;33971;28073;432465;0;136559;14459;0;0;0;0;0;4292;0;0;0;0;0;0;1281;0;0;0;0;2601;86832;0;0;0;;;;;;;;;;;;;;;;;;;;;;;;;;;;;;;;;
16;Thüringen;Z;Brief;0;341691;1507;340184;39585;78952;22126;9219;78062;0;64129;6162;0;0;0;0;0;2706;0;0;0;0;0;0;462;0;0;0;0;853;37928;0;0;0;;;;;;;;;;;;;;;;;;;;;;;;;;;;;;;;;
7;Rheinland-Pfalz;E;Zusammen;3014482;2500548;27497;2473051;573461;831611;204080;83327;476014;0;123638;80572;11109;0;1440;0;0;26409;3611;0;0;0;0;0;0;0;0;0;0;2538;54639;0;0;602;;;;;;;;;;;;;;;;;;;;;;;;;;;;;;;;;
7;Rheinland-Pfalz;E;Urne;3014482;1357108;17292;1339816;293293;399217;102679;44581;335236;0;76270;37502;5329;0;702;0;0;12010;1691;0;0;0;0;0;0;0;0;0;0;1400;29626;0;0;280;;;;;;;;;;;;;;;;;;;;;;;;;;;;;;;;;
7;Rheinland-Pfalz;E;Brief;0;1143440;10205;1133235;280168;432394;101401;38746;140778;0;47368;43070;5780;0;738;0;0;14399;1920;0;0;0;0;0;0;0;0;0;0;1138;25013;0;0;322;;;;;;;;;;;;;;;;;;;;;;;;;;;;;;;;;
7;Rheinland-Pfalz;Z;Zusammen;3014482;2500548;18190;2482358;462705;760623;256869;114047;498695;0;161867;52013;31542;0;11454;0;0;18846;4139;0;0;0;0;0;571;0;0;0;0;3884;105103;0;0;0;;;;;;;;;;;;;;;;;;;;;;;;;;;;;;;;;
7;Rheinland-Pfalz;Z;Urne;3014482;1357108;12616;1344492;230415;359276;129970;62708;347713;0;97979;22515;14846;0;6040;0;0;8672;1954;0;0;0;0;0;325;0;0;0;0;2211;59868;0;0;0;;;;;;;;;;;;;;;;;;;;;;;;;;;;;;;;;
7;Rheinland-Pfalz;Z;Brief;0;1143440;5574;1137866;232290;401347;126899;51339;150982;0;63888;29498;16696;0;5414;0;0;10174;2185;0;0;0;0;0;246;0;0;0;0;1673;45235;0;0;0;;;;;;;;;;;;;;;;;;;;;;;;;;;;;;;;;
9;Bayern;E;Zusammen;9481659;7996557;47357;7949200;1016841;0;969735;246700;1384631;3272064;366149;461198;28481;20515;9955;0;0;66017;49197;0;0;613;0;5763;890;0;0;0;0;13923;19929;0;0;16599;;;;;;;;;;;;;;;;;;;;;;;;;;;;;;;;;
9;Bayern;E;Urne;9481659;3824831;27881;3796950;479962;0;436041;118492;854967;1412491;209956;182109;12661;10526;4864;0;0;26476;21158;0;0;267;0;2133;552;0;0;0;0;7819;9397;0;0;7079;;;;;;;;;;;;;;;;;;;;;;;;;;;;;;;;;
9;Bayern;E;Brief;0;4171726;19476;4152250;536879;0;533694;128208;529664;1859573;156193;279089;15820;9989;5091;0;0;39541;28039;0;0;346;0;3630;338;0;0;0;0;6104;10532;0;0;9520;;;;;;;;;;;;;;;;;;;;;;;;;;;;;;;;;
9;Bayern;Z;Zusammen;9481659;7996557;24503;7972054;920675;0;957435;333257;1515731;2964028;456935;345840;61869;28843;30552;0;0;50671;33367;0;0;5466;0;12278;1652;0;0;0;0;6937;246518;0;0;0;;;;;;;;;;;;;;;;;;;;;;;;;;;;;;;;;
9;Bayern;Z;Urne;9481659;3824831;16278;3808553;431412;0;425620;164782;922961;1263958;253462;118706;26577;13987;14040;0;0;20004;14221;0;0;2479;0;4703;933;0;0;0;0;3570;127138;0;0;0;;;;;;;;;;;;;;;;;;;;;;;;;;;;;;;;;
9;Bayern;Z;Brief;0;4171726;8225;4163501;489263;0;531815;168475;592770;1700070;203473;227134;35292;14856;16512;0;0;30667;19146;0;0;2987;0;7575;719;0;0;0;0;3367;119380;0;0;0;;;;;;;;;;;;;;;;;;;;;;;;;;;;;;;;;
8;Baden-Württemberg;E;Zusammen;7653811;6382446;49732;6332714;1002327;2280707;887608;271794;1231221;0;360037;163869;10548;17282;20293;0;0;69168;1798;0;0;0;2021;0;3574;0;0;0;0;4821;0;0;0;5646;;;;;;;;;;;;;;;;;;;;;;;;;;;;;;;;;
8;Baden-Württemberg;E;Urne;7653811;4030608;34704;3995904;613024;1359834;498130;167980;940163;0;249387;90487;6017;11442;12058;0;0;36377;999;0;0;0;1321;0;2410;0;0;0;0;3094;0;0;0;3181;;;;;;;;;;;;;;;;;;;;;;;;;;;;;;;;;
8;Baden-Württemberg;E;Brief;0;2351838;15028;2336810;389303;920873;389478;103814;291058;0;110650;73382;4531;5840;8235;0;0;32791;799;0;0;0;700;0;1164;0;0;0;0;1727;0;0;0;2465;;;;;;;;;;;;;;;;;;;;;;;;;;;;;;;;;
8;Baden-Württemberg;Z;Zusammen;7653811;6382446;32448;6349998;898778;2006866;865738;357539;1256430;0;429484;86311;55906;21845;28041;0;0;49025;12258;0;0;0;11768;0;2379;0;0;0;0;7411;260219;0;0;0;;;;;;;;;;;;;;;;;;;;;;;;;;;;;;;;;
8;Baden-Württemberg;Z;Urne;7653811;4030608;25865;4004743;546198;1181752;482120;222429;951861;0;288584;46752;32767;14177;17154;0;0;26204;6885;0;0;0;7398;0;1683;0;0;0;0;4670;174109;0;0;0;;;;;;;;;;;;;;;;;;;;;;;;;;;;;;;;;
8;Baden-Württemberg;Z;Brief;0;2351838;6583;2345255;352580;825114;383618;135110;304569;0;140900;39559;23139;7668;10887;0;0;22821;5373;0;0;0;4370;0;696;0;0;0;0;2741;86110;0;0;0;;;;;;;;;;;;;;;;;;;;;;;;;;;;;;;;;
10;Saarland;E;Zusammen;734204;605293;8051;597242;178745;177003;30477;20611;129177;0;41215;19458;0;0;0;0;0;0;0;0;0;0;0;0;556;0;0;0;0;0;0;0;0;0;;;;;;;;;;;;;;;;;;;;;;;;;;;;;;;;;
10;Saarland;E;Urne;734204;375595;5080;370515;105081;101009;15631;12574;97309;0;28011;10561;0;0;0;0;0;0;0;0;0;0;0;0;339;0;0;0;0;0;0;0;0;0;;;;;;;;;;;;;;;;;;;;;;;;;;;;;;;;;
10;Saarland;E;Brief;0;229698;2971;226727;73664;75994;14846;8037;31868;0;13204;8897;0;0;0;0;0;0;0;0;0;0;0;0;217;0;0;0;0;0;0;0;0;0;;;;;;;;;;;;;;;;;;;;;;;;;;;;;;;;;
10;Saarland;Z;Zusammen;734204;605293;5570;599723;131136;161113;43371;25725;129294;0;44080;8476;12263;0;0;0;1753;3720;0;0;0;0;0;0;304;0;0;0;0;1487;37001;0;0;0;;;;;;;;;;;;;;;;;;;;;;;;;;;;;;;;;
10;Saarland;Z;Urne;734204;375595;3875;371720;75944;90156;23418;15979;97298;0;30006;4529;6862;0;0;0;1119;1941;0;0;0;0;0;0;180;0;0;0;0;997;23291;0;0;0;;;;;;;;;;;;;;;;;;;;;;;;;;;;;;;;;
10;Saarland;Z;Brief;0;229698;1695;228003;55192;70957;19953;9746;31996;0;14074;3947;5401;0;0;0;634;1779;0;0;0;0;0;0;124;0;0;0;0;490;13710;0;0;0;;;;;;;;;;;;;;;;;;;;;;;;;;;;;;;;;
